﻿<?xml version="1.0" encoding="utf-8"?>
<application xmlns="http://ns.adobe.com/air/application/21.0">
  <id>PixelPalette</id>
  <versionNumber>1.0</versionNumber>
  <filename>PixelPalette</filename>
  <name>PixelPalette</name>
  <initialWindow>
    <title>PixelPalette</title>
    <content>PixelPalette.swf</content>
    <systemChrome>standard</systemChrome>
    <transparent>false</transparent>
    <visible>true</visible>
    <minimizable>true</minimizable>
    <maximizable>true</maximizable>
    <resizable>true</resizable>
    <x>0</x>
    <y>0</y>
    <minSize>816 838</minSize>
  </initialWindow>
  <!-- 
	More options:
	http://livedocs.adobe.com/flex/3/html/File_formats_1.html#1043413
	-->
  <android>
    <manifestAdditions><![CDATA[<manifest android:installLocation="auto" xmlns:android="http://schemas.android.com/apk/res/android" />]]></manifestAdditions>
  </android>
</application>